brand_query,avg_engagement_%
Atomberg bldc fan,1.0258399999999999
Bajaj bldc fan,0.9262866666666666
Crompton bldc fan,0.8951600000000001
Orient bldc fan,0.7620199999999999
